﻿Name,URL
Prabhdeep (PD) Singh - VP - AI (Hiring) - UiPath | LinkedIn,https://www.linkedin.com/in/pdsinghexec
"Sonali Sen Baidya - Developer, Analyst &amp; Engineer ... - LinkedIn",https://www.linkedin.com/in/sonali-sen-baidya-a9b9287
Vishal Soni - Customer Success Manager - UiPath | LinkedIn,https://www.linkedin.com/in/vishalsonihere
Michael Green - Life Sciences Practice director - UiPath | LinkedIn,https://www.linkedin.com/in/michaelgreen98
krishna sai - RPA developer Automation Anywhere - AT&T | LinkedIn,https://www.linkedin.com/in/krishna-sai-36a394167
Harish Akkisetti – RPA Lead/Architect – CenturyLink | LinkedIn,https://www.linkedin.com/in/harish-akkisetti-873ba7120/de
Ram Indukuri - Robatic process automation(uipath) - Devon Energy ...,https://www.linkedin.com/in/ram-indukuri-26b66aa6
DheerajChowdary Bandi - RPA Developer / UI Path - Spectrum ...,https://www.linkedin.com/in/dheerajchowdary-bandi-155ab2177
Anthony Gadd - RPA Developer Lead - UiPath | LinkedIn,https://www.linkedin.com/in/anthony-gadd
Ramya I - RPA Developer (UiPath) - Thomson Reuters | LinkedIn,https://www.linkedin.com/in/ramya-i-7195a5165
